<?xml version="1.0" encoding="UTF-8"?>
<!--
        *** GENERATED FROM project.xml - DO NOT EDIT  ***
        ***         EDIT ../build.xml INSTEAD         ***

        For the purpose of easier reading the script
        is divided into following sections:

        - initialization
        - compilation
        - jar
        - execution
        - debugging
        - javadoc
        - test compilation
        - test execution
        - test debugging
        - applet
        - cleanup

        -->
<project xmlns:carproject="http://www.netbeans.org/ns/car-project/1" basedir=".." default="default" name="LabSessionPDS2014Client-impl">
    <import file="ant-deploy.xml"/>
    <fail message="Please build using Ant 1.7.1 or higher.">
        <condition>
            <not>
                <antversion atleast="1.7.1"/>
            </not>
        </condition>
    </fail>
    <target depends="dist,javadoc" description="Build whole project." name="default"/>
    <!-- 
                ======================
                INITIALIZATION SECTION 
                ======================
            -->
    <target name="-pre-init">
        <!-- Empty placeholder for easier customization. -->
        <!-- You can override this target in the ../build.xml file. -->
    </target>
    <target name="-pre-init-am">
        <!-- Access Manager pre-initialization -->
    </target>
    <target depends="-pre-init" name="-init-private">
        <property file="nbproject/private/private.properties"/>
    </target>
    <target depends="-pre-init,-init-private" name="-init-user">
        <property file="${user.properties.file}"/>
        <!-- The two properties below are usually overridden -->
        <!-- by the active platform. Just a fallback. -->
        <property name="default.javac.source" value="1.4"/>
        <property name="default.javac.target" value="1.4"/>
    </target>
    <target depends="-pre-init,-init-private,-init-user" name="-init-project">
        <property file="nbproject/project.properties"/>
    </target>
    <target depends="-pre-init,-init-private,-init-user,-init-project,-init-macrodef-property" name="-do-init">
        <condition property="have.tests">
            <or>
                <available file="${test.src.dir}"/>
            </or>
        </condition>
        <condition property="have.sources">
            <or>
                <available file="${src.dir}"/>
            </or>
        </condition>
        <condition property="netbeans.home+have.tests">
            <and>
                <isset property="netbeans.home"/>
                <isset property="have.tests"/>
            </and>
        </condition>
        <property name="javadoc.preview" value="true"/>
        <condition property="no.javadoc.preview">
            <isfalse value="${javadoc.preview}"/>
        </condition>
        <property name="javac.compilerargs" value=""/>
        <property name="work.dir" value="${basedir}"/>
        <condition property="no.deps">
            <and>
                <istrue value="${no.dependencies}"/>
            </and>
        </condition>
        <property name="javac.debug" value="true"/>
        <available file="${meta.inf}/MANIFEST.MF" property="has.custom.manifest"/>
        <condition property="classes.dir" value="${build.ear.classes.dir}">
            <isset property="dist.ear.dir"/>
        </condition>
        <property name="classes.dir" value="${build.classes.dir}"/>
        <condition property="no.deps">
            <and>
                <istrue value="${no.dependencies}"/>
            </and>
        </condition>
        <condition property="no.dist.ear.dir">
            <not>
                <isset property="dist.ear.dir"/>
            </not>
        </condition>
        <condition property="do.display.browser">
            <istrue value="${display.browser}"/>
        </condition>
        <condition else="" property="application.args.param" value="${application.args}">
            <and>
                <isset property="application.args"/>
                <not>
                    <equals arg1="${application.args}" arg2="" trim="true"/>
                </not>
            </and>
        </condition>
        <condition else="" property="run.jvmargs.param" value="${run.jvmargs}">
            <and>
                <isset property="run.jvmargs"/>
                <not>
                    <equals arg1="${run.jvmargs}" arg2="" trim="true"/>
                </not>
            </and>
        </condition>
        <property name="source.encoding" value="${file.encoding}"/>
        <condition property="javadoc.encoding.used" value="${javadoc.encoding}">
            <and>
                <isset property="javadoc.encoding"/>
                <not>
                    <equals arg1="${javadoc.encoding}" arg2=""/>
                </not>
            </and>
        </condition>
        <property name="javadoc.encoding.used" value="${source.encoding}"/>
        <property name="includes" value="**"/>
        <property name="excludes" value=""/>
        <path id="endorsed.classpath.path" path="${endorsed.classpath}"/>
        <condition else="" property="endorsed.classpath.cmd.line.arg" value="-Xbootclasspath/p:'${toString:endorsed.classpath.path}'">
            <and>
                <isset property="endorsed.classpath"/>
                <length length="0" string="${endorsed.classpath}" when="greater"/>
            </and>
        </condition>
        <condition property="is.server.weblogic" value="true">
            <equals arg1="${j2ee.server.type}" arg2="WebLogic9"/>
        </condition>
        <condition else="false" property="jdkBug6558476">
            <and>
                <matches pattern="1\.[56]" string="${java.specification.version}"/>
                <not>
                    <os family="unix"/>
                </not>
            </and>
        </condition>
        <property name="javac.fork" value="${jdkBug6558476}"/>
        <condition property="junit.available">
            <or>
                <available classname="org.junit.Test" classpath="${run.test.classpath}"/>
                <available classname="junit.framework.Test" classpath="${run.test.classpath}"/>
            </or>
        </condition>
        <condition property="testng.available">
            <available classname="org.testng.annotations.Test" classpath="${run.test.classpath}"/>
        </condition>
        <condition property="junit+testng.available">
            <and>
                <istrue value="${junit.available}"/>
                <istrue value="${testng.available}"/>
            </and>
        </condition>
        <condition else="testng" property="testng.mode" value="mixed">
            <istrue value="${junit+testng.available}"/>
        </condition>
        <condition else="" property="testng.debug.mode" value="-mixed">
            <istrue value="${junit+testng.available}"/>
        </condition>
    </target>
    <target name="-post-init">
        <!-- Empty placeholder for easier customization. -->
        <!-- You can override this target in the ../build.xml file. -->
    </target>
    <target depends="-pre-init,-init-private,-init-user,-init-project,-do-init" name="-init-check">
        <fail unless="src.dir">Must set src.dir</fail>
        <fail unless="test.src.dir">Must set test.src.dir</fail>
        <fail unless="build.dir">Must set build.dir</fail>
        <fail unless="dist.dir">Must set dist.dir</fail>
        <fail unless="build.classes.dir">Must set build.classes.dir</fail>
        <fail unless="build.generated.dir">Must set build.generated.dir</fail>
        <fail unless="dist.javadoc.dir">Must set dist.javadoc.dir</fail>
        <fail unless="build.test.classes.dir">Must set build.test.classes.dir</fail>
        <fail unless="build.test.results.dir">Must set build.test.results.dir</fail>
        <fail unless="build.classes.excludes">Must set build.classes.excludes</fail>
        <fail unless="dist.jar">Must set dist.jar</fail>
        <condition property="missing.j2ee.server.home">
            <and>
                <matches pattern="j2ee.server.home" string="${j2ee.platform.classpath}"/>
                <not>
                    <isset property="j2ee.server.home"/>
                </not>
            </and>
        </condition>
        <fail if="missing.j2ee.server.home">
The Java EE server classpath is not correctly set up - server home directory is missing.
Either open the project in the IDE and assign the server or setup the server classpath manually.
For example like this:
   ant -Dj2ee.server.home=&lt;app_server_installation_directory&gt;
                </fail>
        <fail unless="j2ee.platform.classpath">
The Java EE server classpath is not correctly set up. Your active server type is ${j2ee.server.type}.
Either open the project in the IDE and assign the server or setup the server classpath manually.
For example like this:
   ant -Duser.properties.file=&lt;path_to_property_file&gt; (where you put the property "j2ee.platform.classpath" in a .properties file)
or ant -Dj2ee.platform.classpath=&lt;server_classpath&gt; (where no properties file is used)
                </fail>
    </target>
    <target name="-init-macrodef-property">
        <macrodef name="property" uri="http://www.netbeans.org/ns/car-project/1">
            <attribute name="name"/>
            <attribute name="value"/>
            <sequential>
                <property name="@{name}" value="${@{value}}"/>
            </sequential>
        </macrodef>
    </target>
    <target depends="-init-ap-cmdline-properties" if="ap.supported.internal" name="-init-macrodef-javac-with-processors">
        <macrodef name="javac" uri="http://www.netbeans.org/ns/car-project/1">
            <attribute default="${src.dir}" name="srcdir"/>
            <attribute default="${build.classes.dir}" name="destdir"/>
            <attribute default="${javac.classpath}:${j2ee.platform.classpath}" name="classpath"/>
            <attribute default="${javac.processorpath}" name="processorpath"/>
            <attribute default="${build.generated.sources.dir}/ap-source-output" name="apgeneratedsrcdir"/>
            <attribute default="${includes}" name="includes"/>
            <attribute default="${excludes}" name="excludes"/>
            <attribute default="${javac.debug}" name="debug"/>
            <attribute default="${empty.dir}" name="gensrcdir"/>
            <element name="customize" optional="true"/>
            <sequential>
                <property location="${build.dir}/empty" name="empty.dir"/>
                <mkdir dir="${empty.dir}"/>
                <mkdir dir="@{apgeneratedsrcdir}"/>
                <javac debug="@{debug}" deprecation="${javac.deprecation}" destdir="@{destdir}" encoding="${source.encoding}" excludes="@{excludes}" fork="${javac.fork}" includeantruntime="false" includes="@{includes}" source="${javac.source}" srcdir="@{srcdir}" target="${javac.target}">
                    <src>
                        <dirset dir="@{gensrcdir}" erroronmissingdir="false">
                            <include name="*"/>
                        </dirset>
                    </src>
                    <classpath>
                        <path path="@{classpath}"/>
                    </classpath>
                    <compilerarg line="${endorsed.classpath.cmd.line.arg}"/>
                    <compilerarg line="${javac.compilerargs}"/>
                    <compilerarg value="-processorpath"/>
                    <compilerarg path="@{processorpath}:${empty.dir}"/>
                    <compilerarg line="${ap.processors.internal}"/>
                    <compilerarg value="-s"/>
                    <compilerarg path="@{apgeneratedsrcdir}"/>
                    <compilerarg line="${ap.proc.none.internal}"/>
                    <customize/>
                </javac>
            </sequential>
        </macrodef>
    </target>
    <target depends="-init-ap-cmdline-properties" name="-init-macrodef-javac-without-processors" unless="ap.supported.internal">
        <macrodef name="javac" uri="http://www.netbeans.org/ns/car-project/1">
            <attribute default="${src.dir}" name="srcdir"/>
            <attribute default="${build.classes.dir}" name="destdir"/>
            <attribute default="${javac.classpath}:${j2ee.platform.classpath}" name="classpath"/>
            <attribute default="${javac.processorpath}" name="processorpath"/>
            <attribute default="${build.generated.sources.dir}/ap-source-output" name="apgeneratedsrcdir"/>
            <attribute default="${includes}" name="includes"/>
            <attribute default="${excludes}" name="excludes"/>
            <attribute default="${javac.debug}" name="debug"/>
            <attribute default="${empty.dir}" name="gensrcdir"/>
            <element name="customize" optional="true"/>
            <sequential>
                <property location="${build.dir}/empty" name="empty.dir"/>
                <mkdir dir="${empty.dir}"/>
                <javac debug="@{debug}" deprecation="${javac.deprecation}" destdir="@{destdir}" encoding="${source.encoding}" excludes="@{excludes}" includeantruntime="false" includes="@{includes}" source="${javac.source}" srcdir="@{srcdir}" target="${javac.target}">
                    <src>
                        <dirset dir="@{gensrcdir}" erroronmissingdir="false">
                            <include name="*"/>
                        </dirset>
                    </src>
                    <classpath>
                        <path path="@{classpath}"/>
                    </classpath>
                    <compilerarg line="${endorsed.classpath.cmd.line.arg}"/>
                    <compilerarg line="${javac.compilerargs}"/>
                    <customize/>
                </javac>
            </sequential>
        </macrodef>
    </target>
    <target depends="-init-macrodef-javac-with-processors,-init-macrodef-javac-without-processors" name="-init-macrodef-javac">
        <macrodef name="depend" uri="http://www.netbeans.org/ns/car-project/1">
            <attribute default="${src.dir}" name="srcdir"/>
            <attribute default="${build.classes.dir}" name="destdir"/>
            <attribute default="${javac.classpath}:${j2ee.platform.classpath}" name="classpath"/>
            <sequential>
                <depend cache="${build.dir}/depcache" destdir="@{destdir}" excludes="${excludes}" includes="${includes}" srcdir="@{srcdir}">
                    <classpath>
                        <path path="@{classpath}"/>
                    </classpath>
                </depend>
            </sequential>
        </macrodef>
        <macrodef name="force-recompile" uri="http://www.netbeans.org/ns/car-project/1">
            <attribute default="${build.classes.dir}" name="destdir"/>
            <sequential>
                <fail unless="javac.includes">Must set javac.includes</fail>
                <pathconvert pathsep="${line.separator}" property="javac.includes.binary">
                    <path>
                        <filelist dir="@{destdir}" files="${javac.includes}"/>
                    </path>
                    <globmapper from="*.java" to="*.class"/>
                </pathconvert>
                <tempfile deleteonexit="true" property="javac.includesfile.binary"/>
                <echo file="${javac.includesfile.binary}" message="${javac.includes.binary}"/>
                <delete>
                    <files includesfile="${javac.includesfile.binary}"/>
                </delete>
                <delete file="${javac.includesfile.binary}"/>
            </sequential>
        </macrodef>
    </target>
    <target if="${junit.available}" name="-init-macrodef-junit-init">
        <condition else="false" property="nb.junit.batch" value="true">
            <and>
                <istrue value="${junit.available}"/>
                <not>
                    <isset property="test.method"/>
                </not>
            </and>
        </condition>
        <condition else="false" property="nb.junit.single" value="true">
            <and>
                <istrue value="${junit.available}"/>
                <isset property="test.method"/>
            </and>
        </condition>
    </target>
    <target if="${nb.junit.single}" name="-init-macrodef-junit-single" unless="${nb.junit.batch}">
        <macrodef name="junit" uri="http://www.netbeans.org/ns/car-project/1">
            <attribute default="${includes}" name="includes"/>
            <attribute default="${excludes}" name="excludes"/>
            <attribute default="**" name="testincludes"/>
            <attribute default="" name="testmethods"/>
            <element name="customize" optional="true"/>
            <sequential>
                <junit dir="${basedir}" errorproperty="tests.failed" failureproperty="tests.failed" fork="true" showoutput="true" tempdir="${java.io.tmpdir}">
                    <test methods="@{testmethods}" name="@{testincludes}" todir="${build.test.results.dir}"/>
                    <syspropertyset>
                        <propertyref prefix="test-sys-prop."/>
                        <mapper from="test-sys-prop.*" to="*" type="glob"/>
                    </syspropertyset>
                    <formatter type="brief" usefile="false"/>
                    <formatter type="xml"/>
                    <jvmarg value="-ea"/>
                    <customize/>
                </junit>
            </sequential>
        </macrodef>
    </target>
    <target if="${nb.junit.batch}" name="-init-macrodef-junit-batch" unless="${nb.junit.single}">
        <macrodef name="junit" uri="http://www.netbeans.org/ns/car-project/1">
            <attribute default="${includes}" name="includes"/>
            <attribute default="${excludes}" name="excludes"/>
            <attribute default="**" name="testincludes"/>
            <attribute default="" name="testmethods"/>
            <element name="customize" optional="true"/>
            <sequential>
                <junit dir="${basedir}" errorproperty="tests.failed" failureproperty="tests.failed" fork="true" showoutput="true" tempdir="${java.io.tmpdir}">
                    <batchtest todir="${build.test.results.dir}">
                        <fileset dir="${test.src.dir}" excludes="@{excludes},${excludes}" includes="@{includes}">
                            <filename name="@{testincludes}"/>
                        </fileset>
                    </batchtest>
                    <syspropertyset>
                        <propertyref prefix="test-sys-prop."/>
                        <mapper from="test-sys-prop.*" to="*" type="glob"/>
                    </syspropertyset>
                    <formatter type="brief" usefile="false"/>
                    <formatter type="xml"/>
                    <jvmarg value="-ea"/>
                    <customize/>
                </junit>
            </sequential>
        </macrodef>
    </target>
    <target depends="-init-macrodef-junit-init,-init-macrodef-junit-single, -init-macrodef-junit-batch" if="${junit.available}" name="-init-macrodef-junit"/>
    <target if="${testng.available}" name="-init-macrodef-testng">
        <macrodef name="testng" uri="http://www.netbeans.org/ns/car-project/1">
            <attribute default="${includes}" name="includes"/>
            <attribute default="${excludes}" name="excludes"/>
            <attribute default="**" name="testincludes"/>
            <attribute default="" name="testmethods"/>
            <element name="customize" optional="true"/>
            <sequential>
                <condition else="" property="testng.methods.arg" value="@{testincludes}.@{testmethods}">
                    <isset property="test.method"/>
                </condition>
                <union id="test.set">
                    <fileset dir="${test.src.dir}" excludes="@{excludes},**/*.xml,${excludes}" includes="@{includes}">
                        <filename name="@{testincludes}"/>
                    </fileset>
                </union>
                <taskdef classname="org.testng.TestNGAntTask" classpath="${run.test.classpath}" name="testng"/>
                <testng classfilesetref="test.set" failureProperty="tests.failed" listeners="org.testng.reporters.VerboseReporter" methods="${testng.methods.arg}" mode="${testng.mode}" outputdir="${build.test.results.dir}" suitename="LabSessionPDS2014Client" testname="TestNG tests" workingDir="${work.dir}">
                    <xmlfileset dir="${build.test.classes.dir}" includes="@{testincludes}"/>
                    <propertyset>
                        <propertyref prefix="test-sys-prop."/>
                        <mapper from="test-sys-prop.*" to="*" type="glob"/>
                    </propertyset>
                    <customize/>
                </testng>
            </sequential>
        </macrodef>
    </target>
    <target name="-init-macrodef-test-impl">
        <macrodef name="test-impl" uri="http://www.netbeans.org/ns/car-project/1">
            <attribute default="${includes}" name="includes"/>
            <attribute default="${excludes}" name="excludes"/>
            <attribute default="**" name="testincludes"/>
            <attribute default="" name="testmethods"/>
            <element implicit="true" name="customize" optional="true"/>
            <sequential>
                <echo>No tests executed.</echo>
            </sequential>
        </macrodef>
    </target>
    <target depends="-init-macrodef-junit" if="${junit.available}" name="-init-macrodef-junit-impl">
        <macrodef name="test-impl" uri="http://www.netbeans.org/ns/car-project/1">
            <attribute default="${includes}" name="includes"/>
            <attribute default="${excludes}" name="excludes"/>
            <attribute default="**" name="testincludes"/>
            <attribute default="" name="testmethods"/>
            <element implicit="true" name="customize" optional="true"/>
            <sequential>
                <carproject:junit excludes="@{excludes}" includes="@{includes}" testincludes="@{testincludes}" testmethods="@{testmethods}">
                    <customize/>
                </carproject:junit>
            </sequential>
        </macrodef>
    </target>
    <target depends="-init-macrodef-testng" if="${testng.available}" name="-init-macrodef-testng-impl">
        <macrodef name="test-impl" uri="http://www.netbeans.org/ns/car-project/1">
            <attribute default="${includes}" name="includes"/>
            <attribute default="${excludes}" name="excludes"/>
            <attribute default="**" name="testincludes"/>
            <attribute default="" name="testmethods"/>
            <element implicit="true" name="customize" optional="true"/>
            <sequential>
                <carproject:testng excludes="@{excludes}" includes="@{includes}" testincludes="@{testincludes}" testmethods="@{testmethods}">
                    <customize/>
                </carproject:testng>
            </sequential>
        </macrodef>
    </target>
    <target depends="-init-macrodef-test-impl,-init-macrodef-junit-impl,-init-macrodef-testng-impl" name="-init-macrodef-test">
        <macrodef name="test" uri="http://www.netbeans.org/ns/car-project/1">
            <attribute default="${includes}" name="includes"/>
            <attribute default="${excludes}" name="excludes"/>
            <attribute default="**" name="testincludes"/>
            <attribute default="" name="testmethods"/>
            <sequential>
                <carproject:test-impl excludes="@{excludes}" includes="@{includes}" testincludes="@{testincludes}" testmethods="@{testmethods}">
                    <customize>
                        <classpath>
                            <path path="${run.test.classpath}"/>
                            <path path="${j2ee.platform.classpath}"/>
                        </classpath>
                        <jvmarg line="${endorsed.classpath.cmd.line.arg}"/>
                        <jvmarg line="${run.jvmargs.param}"/>
                    </customize>
                </carproject:test-impl>
            </sequential>
        </macrodef>
    </target>
    <target if="${junit.available}" name="-init-macrodef-junit-debug" unless="${nb.junit.batch}">
        <macrodef name="junit-debug" uri="http://www.netbeans.org/ns/car-project/1">
            <attribute default="${includes}" name="includes"/>
            <attribute default="${excludes}" name="excludes"/>
            <attribute default="**" name="testincludes"/>
            <attribute default="" name="testmethods"/>
            <element name="customize" optional="true"/>
            <sequential>
                <junit dir="${basedir}" errorproperty="tests.failed" failureproperty="tests.failed" fork="true" showoutput="true" tempdir="${java.io.tmpdir}">
                    <test methods="@{testmethods}" name="@{testincludes}" todir="${build.test.results.dir}"/>
                    <syspropertyset>
                        <propertyref prefix="test-sys-prop."/>
                        <mapper from="test-sys-prop.*" to="*" type="glob"/>
                    </syspropertyset>
                    <formatter type="brief" usefile="false"/>
                    <formatter type="xml"/>
                    <jvmarg value="-ea"/>
                    <jvmarg line="${debug-args-line}"/>
                    <jvmarg value="-Xrunjdwp:transport=${debug-transport-appclient},address=${jpda.address.appclient}"/>
                    <customize/>
                </junit>
            </sequential>
        </macrodef>
    </target>
    <target if="${nb.junit.batch}" name="-init-macrodef-junit-debug-batch">
        <macrodef name="junit-debug" uri="http://www.netbeans.org/ns/car-project/1">
            <attribute default="${includes}" name="includes"/>
            <attribute default="${excludes}" name="excludes"/>
            <attribute default="**" name="testincludes"/>
            <attribute default="" name="testmethods"/>
            <element name="customize" optional="true"/>
            <sequential>
                <junit dir="${basedir}" errorproperty="tests.failed" failureproperty="tests.failed" fork="true" showoutput="true" tempdir="${java.io.tmpdir}">
                    <batchtest todir="${build.test.results.dir}">
                        <fileset dir="${test.src.dir}" excludes="@{excludes},${excludes}" includes="@{includes}">
                            <filename name="@{testincludes}"/>
                        </fileset>
                    </batchtest>
                    <syspropertyset>
                        <propertyref prefix="test-sys-prop."/>
                        <mapper from="test-sys-prop.*" to="*" type="glob"/>
                    </syspropertyset>
                    <formatter type="brief" usefile="false"/>
                    <formatter type="xml"/>
                    <jvmarg value="-ea"/>
                    <jvmarg line="${debug-args-line}"/>
                    <jvmarg value="-Xrunjdwp:transport=${debug-transport-appclient},address=${jpda.address.appclient}"/>
                    <customize/>
                </junit>
            </sequential>
        </macrodef>
    </target>
    <target depends="-init-macrodef-junit-debug,-init-macrodef-junit-debug-batch" if="${junit.available}" name="-init-macrodef-junit-debug-impl">
        <macrodef name="test-debug-impl" uri="http://www.netbeans.org/ns/car-project/1">
            <attribute default="${includes}" name="includes"/>
            <attribute default="${excludes}" name="excludes"/>
            <attribute default="**" name="testincludes"/>
            <attribute default="" name="testmethods"/>
            <element implicit="true" name="customize" optional="true"/>
            <sequential>
                <carproject:junit-debug excludes="@{excludes}" includes="@{includes}" testincludes="@{testincludes}" testmethods="@{testmethods}">
                    <customize/>
                </carproject:junit-debug>
            </sequential>
        </macrodef>
    </target>
    <target if="${testng.available}" name="-init-macrodef-testng-debug">
        <macrodef name="testng-debug" uri="http://www.netbeans.org/ns/car-project/1">
            <attribute default="${main.class}" name="testClass"/>
            <attribute default="" name="testMethod"/>
            <element name="customize2" optional="true"/>
            <sequential>
                <condition else="-testclass @{testClass}" property="test.class.or.method" value="-methods @{testClass}.@{testMethod}">
                    <isset property="test.method"/>
                </condition>
                <condition else="-suitename LabSessionPDS2014Client -testname @{testClass} ${test.class.or.method}" property="testng.cmd.args" value="@{testClass}">
                    <matches pattern=".*\.xml" string="@{testClass}"/>
                </condition>
                <delete dir="${build.test.results.dir}" quiet="true"/>
                <mkdir dir="${build.test.results.dir}"/>
                <carproject:debug classname="org.testng.TestNG" classpath="${debug.test.classpath}">
                    <customize>
                        <customize2/>
                        <jvmarg value="-ea"/>
                        <arg line="${testng.debug.mode}"/>
                        <arg line="-d ${build.test.results.dir}"/>
                        <arg line="-listener org.testng.reporters.VerboseReporter"/>
                        <arg line="${testng.cmd.args}"/>
                    </customize>
                </carproject:debug>
            </sequential>
        </macrodef>
    </target>
    <target depends="-init-macrodef-testng-debug" if="${testng.available}" name="-init-macrodef-testng-debug-impl">
        <macrodef name="testng-debug-impl" uri="http://www.netbeans.org/ns/car-project/1">
            <attribute default="${main.class}" name="testClass"/>
            <attribute default="" name="testMethod"/>
            <element implicit="true" name="customize2" optional="true"/>
            <sequential>
                <carproject:testng-debug testClass="@{testClass}" testMethod="@{testMethod}">
                    <customize2/>
                </carproject:testng-debug>
            </sequential>
        </macrodef>
    </target>
    <target depends="-init-macrodef-junit-debug-impl" if="${junit.available}" name="-init-macrodef-test-debug-junit">
        <macrodef name="test-debug" uri="http://www.netbeans.org/ns/car-project/1">
            <attribute default="${includes}" name="includes"/>
            <attribute default="${excludes}" name="excludes"/>
            <attribute default="**" name="testincludes"/>
            <attribute default="" name="testmethods"/>
            <attribute default="${main.class}" name="testClass"/>
            <attribute default="" name="testMethod"/>
            <sequential>
                <carproject:test-debug-impl excludes="@{excludes}" includes="@{includes}" testincludes="@{testincludes}" testmethods="@{testmethods}">
                    <customize>
                        <classpath>
                            <path path="${run.test.classpath}"/>
                            <path path="${j2ee.platform.classpath}"/>
                        </classpath>
                        <jvmarg line="${endorsed.classpath.cmd.line.arg}"/>
                        <jvmarg line="${run.jvmargs.param}"/>
                    </customize>
                </carproject:test-debug-impl>
            </sequential>
        </macrodef>
    </target>
    <target depends="-init-macrodef-testng-debug-impl" if="${testng.available}" name="-init-macrodef-test-debug-testng">
        <macrodef name="test-debug" uri="http://www.netbeans.org/ns/car-project/1">
            <attribute default="${includes}" name="includes"/>
            <attribute default="${excludes}" name="excludes"/>
            <attribute default="**" name="testincludes"/>
            <attribute default="" name="testmethods"/>
            <attribute default="${main.class}" name="testClass"/>
            <attribute default="" name="testMethod"/>
            <sequential>
                <carproject:testng-debug-impl testClass="@{testClass}" testMethod="@{testMethod}">
                    <customize2>
                        <syspropertyset>
                            <propertyref prefix="test-sys-prop."/>
                            <mapper from="test-sys-prop.*" to="*" type="glob"/>
                        </syspropertyset>
                    </customize2>
                </carproject:testng-debug-impl>
            </sequential>
        </macrodef>
    </target>
    <target depends="-init-macrodef-test-debug-junit,-init-macrodef-test-debug-testng" name="-init-macrodef-test-debug"/>
    <target name="-init-macrodef-java">
        <macrodef name="java" uri="http://www.netbeans.org/ns/car-project/1">
            <attribute default="${main.class}" name="classname"/>
            <element name="customize" optional="true"/>
            <sequential>
                <java classname="@{classname}" dir="${work.dir}" fork="true">
                    <jvmarg line="${endorsed.classpath.cmd.line.arg}"/>
                    <jvmarg line="${j2ee.appclient.tool.jvmoptions}"/>
                    <jvmarg line="${run.jvmargs.param}"/>
                    <classpath>
                        <path path="${dist.jar}:${javac.classpath}:${j2ee.platform.classpath}:${j2ee.appclient.tool.runtime}"/>
                    </classpath>
                    <syspropertyset>
                        <propertyref prefix="run-sys-prop."/>
                        <mapper from="run-sys-prop.*" to="*" type="glob"/>
                    </syspropertyset>
                    <customize/>
                </java>
            </sequential>
        </macrodef>
    </target>
    <target depends="-init-debug-args" name="-init-macrodef-nbjpda">
        <macrodef name="nbjpdastart" uri="http://www.netbeans.org/ns/car-project/1">
            <attribute default="${main.class}" name="name"/>
            <attribute default="${debug.classpath}" name="classpath"/>
            <attribute default="" name="stopclassname"/>
            <sequential>
                <nbjpdastart addressproperty="jpda.address.appclient" name="@{name}" stopclassname="@{stopclassname}" transport="${debug-transport-appclient}">
                    <classpath>
                        <path path="@{classpath}"/>
                    </classpath>
                </nbjpdastart>
            </sequential>
        </macrodef>
        <macrodef name="nbjpdareload" uri="http://www.netbeans.org/ns/car-project/1">
            <attribute default="${build.classes.dir}" name="dir"/>
            <sequential>
                <nbjpdareload>
                    <fileset dir="@{dir}" includes="${fix.classes}">
                        <include name="${fix.includes}*.class"/>
                    </fileset>
                </nbjpdareload>
            </sequential>
        </macrodef>
        <macrodef name="nbjpdaappreloaded" uri="http://www.netbeans.org/ns/car-project/1">
            <sequential>
                <nbjpdaappreloaded/>
            </sequential>
        </macrodef>
    </target>
    <target name="-init-debug-args">
        <property name="version-output" value="java version &quot;${ant.java.version}"/>
        <condition property="have-jdk-older-than-1.4">
            <or>
                <contains string="${version-output}" substring="java version &quot;1.0"/>
                <contains string="${version-output}" substring="java version &quot;1.1"/>
                <contains string="${version-output}" substring="java version &quot;1.2"/>
                <contains string="${version-output}" substring="java version &quot;1.3"/>
            </or>
        </condition>
        <condition else="-Xdebug" property="debug-args-line" value="-Xdebug -Xnoagent -Djava.compiler=none">
            <istrue value="${have-jdk-older-than-1.4}"/>
        </condition>
        <condition else="dt_socket" property="debug-transport-by-os" value="dt_shmem">
            <os family="windows"/>
        </condition>
        <condition else="${debug-transport-by-os}" property="debug-transport-appclient" value="${debug.transport}">
            <isset property="debug.transport"/>
        </condition>
    </target>
    <target depends="-init-debug-args" name="-init-macrodef-debug">
        <macrodef name="debug" uri="http://www.netbeans.org/ns/car-project/1">
            <attribute default="${main.class}" name="classname"/>
            <attribute default="${debug.classpath}" name="classpath"/>
            <element name="customize" optional="true"/>
            <attribute default="${application.args.param}" name="args"/>
            <sequential>
                <java classname="@{classname}" dir="${work.dir}" fork="true">
                    <jvmarg line="${endorsed.classpath.cmd.line.arg}"/>
                    <jvmarg line="${debug-args-line}"/>
                    <jvmarg value="-Xrunjdwp:transport=${debug-transport-appclient},address=${jpda.address.appclient}"/>
                    <jvmarg line="${run.jvmargs.param}"/>
                    <classpath>
                        <path path="@{classpath}"/>
                    </classpath>
                    <syspropertyset>
                        <propertyref prefix="run-sys-prop."/>
                        <mapper from="run-sys-prop.*" to="*" type="glob"/>
                    </syspropertyset>
                    <arg line="@{args}"/>
                    <customize/>
                </java>
            </sequential>
        </macrodef>
    </target>
    <target name="-init-taskdefs">
        <fail unless="libs.CopyLibs.classpath">
The libs.CopyLibs.classpath property is not set up.
This property must point to 
org-netbeans-modules-java-j2seproject-copylibstask.jar file which is part
of NetBeans IDE installation and is usually located at 
&lt;netbeans_installation&gt;/java&lt;version&gt;/ant/extra folder.
Either open the project in the IDE and make sure CopyLibs library
exists or setup the property manually. For example like this:
 ant -Dlibs.CopyLibs.classpath=a/path/to/org-netbeans-modules-java-j2seproject-copylibstask.jar
                </fail>
        <taskdef classpath="${libs.CopyLibs.classpath}" resource="org/netbeans/modules/java/j2seproject/copylibstask/antlib.xml"/>
    </target>
    <target name="-init-ap-cmdline-properties">
        <property name="annotation.processing.enabled" value="true"/>
        <property name="annotation.processing.processors.list" value=""/>
        <property name="annotation.processing.run.all.processors" value="true"/>
        <property name="javac.processorpath" value="${javac.classpath}"/>
        <property name="javac.test.processorpath" value="${javac.test.classpath}"/>
        <condition property="ap.supported.internal" value="true">
            <not>
                <matches pattern="1\.[0-5](\..*)?" string="${javac.source}"/>
            </not>
        </condition>
    </target>
    <target depends="-init-ap-cmdline-properties" if="ap.supported.internal" name="-init-ap-cmdline-supported">
        <condition else="" property="ap.processors.internal" value="-processor ${annotation.processing.processors.list}">
            <isfalse value="${annotation.processing.run.all.processors}"/>
        </condition>
        <condition else="" property="ap.proc.none.internal" value="-proc:none">
            <isfalse value="${annotation.processing.enabled}"/>
        </condition>
    </target>
    <target depends="-init-ap-cmdline-properties,-init-ap-cmdline-supported" name="-init-ap-cmdline">
        <property name="ap.cmd.line.internal" value=""/>
    </target>
    <target depends="-pre-init,-pre-init-am,-init-private,-init-user,-init-project,-do-init,-post-init,-init-check,-init-macrodef-property,-init-macrodef-javac,-init-macrodef-test,-init-macrodef-test-debug,-init-macrodef-java,-init-macrodef-nbjpda,-init-macrodef-debug,-init-taskdefs,-init-ap-cmdline" name="init"/>
    <!--
                ===================
                COMPILATION SECTION
                ===================
            -->
    <target name="-check-main-class">
        <fail>
                    Main class must be set. Go to LabSessionPDS2014Client project properties -&gt; Run and set the main class there.
                    <condition>
                <not>
                    <or>
                        <isset property="dist.ear.dir"/>
                        <isset property="main.class"/>
                    </or>
                </not>
            </condition>
        </fail>
    </target>
    <target depends="init" if="no.dist.ear.dir" name="-deps-module-jar" unless="no.deps">
        <ant antfile="${project.LabLibrary}/build.xml" inheritall="false" target="jar"/>
    </target>
    <target depends="init" if="dist.ear.dir" name="-deps-ear-jar" unless="no.deps">
        <ant antfile="${project.LabLibrary}/build.xml" inheritall="false" target="jar"/>
    </target>
    <target depends="init, -check-main-class, -deps-module-jar, -deps-ear-jar" name="deps-jar"/>
    <target depends="init,deps-jar" name="-pre-pre-compile">
        <mkdir dir="${classes.dir}"/>
    </target>
    <target name="-pre-compile">
        <!-- Empty placeholder for easier customization. -->
        <!-- You can override this target in the ../build.xml file. -->
    </target>
    <target depends="compile" if="is.server.weblogic" name="library-inclusion-in-archive">
        <basename file="${reference.LabLibrary.jar}" property="manifest.reference.LabLibrary.jar"/>
        <manifest file="${build.ear.classes.dir}/META-INF/MANIFEST.MF" mode="update">
            <attribute name="Extension-List" value="jar-1 "/>
            <attribute name="jar-1-Extension-Name" value="${manifest.reference.LabLibrary.jar}"/>
        </manifest>
    </target>
    <target depends="compile" if="dist.ear.dir" name="library-inclusion-in-manifest">
        <copyfiles files="${reference.LabLibrary.jar}" manifestproperty="manifest.reference.LabLibrary.jar" todir="${dist.ear.dir}/lib"/>
        <manifest file="${build.ear.classes.dir}/META-INF/MANIFEST.MF" mode="update">
            <attribute name="Class-Path" value="${manifest.reference.LabLibrary.jar} lib/${manifest.reference.LabLibrary.jar} "/>
        </manifest>
    </target>
    <target name="-copy-meta-inf">
        <copy todir="${classes.dir}">
            <fileset dir="${meta.inf}" includes="**/*.dbschema"/>
        </copy>
        <copy todir="${classes.dir}/META-INF">
            <fileset dir="${meta.inf}" excludes="**/*.dbschema **/xml-resources/** ${meta.inf.excludes}"/>
        </copy>
    </target>
    <target depends="init,deps-jar,-pre-pre-compile,-pre-compile,-copy-meta-inf" if="have.sources" name="-do-compile">
        <carproject:javac destdir="${classes.dir}" gensrcdir="${build.generated.sources.dir}"/>
        <copy todir="${classes.dir}">
            <fileset dir="${src.dir}" excludes="${build.classes.excludes},${excludes}" includes="${includes}"/>
        </copy>
    </target>
    <target name="-post-compile">
        <!-- Empty placeholder for easier customization. -->
        <!-- You can override this target in the ../build.xml file. -->
    </target>
    <target depends="init,deps-jar,-pre-pre-compile,-pre-compile,-do-compile,-post-compile" description="Compile project." name="compile"/>
    <target name="-pre-compile-single">
        <!-- Empty placeholder for easier customization. -->
        <!-- You can override this target in the ../build.xml file. -->
    </target>
    <target depends="init,deps-jar,-pre-pre-compile" name="-do-compile-single">
        <fail unless="javac.includes">Must select some files in the IDE or set javac.includes</fail>
        <carproject:javac excludes="" gensrcdir="${build.generated.sources.dir}" includes="${javac.includes}"/>
    </target>
    <target name="-post-compile-single">
        <!-- Empty placeholder for easier customization. -->
        <!-- You can override this target in the ../build.xml file. -->
    </target>
    <target depends="init,deps-jar,-pre-pre-compile,-pre-compile-single,-do-compile-single,-post-compile-single" name="compile-single"/>
    <!--
                ====================
                DIST BUILDING SECTION
                ====================
            -->
    <target depends="init" name="-pre-pre-dist">
        <dirname file="${dist.jar}" property="dist.jar.dir"/>
        <mkdir dir="${dist.jar.dir}"/>
    </target>
    <target name="-pre-dist">
        <!-- Empty placeholder for easier customization. -->
        <!-- You can override this target in the ../build.xml file. -->
    </target>
    <target depends="init,compile,-pre-dist,library-inclusion-in-archive" if="has.custom.manifest" name="-do-dist-with-manifest">
        <dirname file="${dist.jar}" property="dist.jar.dir"/>
        <mkdir dir="${dist.jar.dir}"/>
        <manifest file="${build.classes.dir}/META-INF/MANIFEST.MF" mode="update">
            <attribute name="Main-Class" value="${main.class}"/>
        </manifest>
        <jar compress="${jar.compress}" jarfile="${dist.jar}" manifest="${build.classes.dir}/META-INF/MANIFEST.MF">
            <fileset dir="${build.classes.dir}"/>
        </jar>
    </target>
    <target depends="init,compile,-pre-dist,library-inclusion-in-archive" name="-do-dist-without-manifest" unless="has.custom.manifest">
        <dirname file="${dist.jar}" property="dist.jar.dir"/>
        <mkdir dir="${dist.jar.dir}"/>
        <jar compress="${jar.compress}" jarfile="${dist.jar}">
            <fileset dir="${build.classes.dir}"/>
        </jar>
    </target>
    <target depends="init,compile,-pre-dist" if="has.custom.manifest" name="-do-ear-dist-with-manifest">
        <dirname file="${dist.ear.jar}" property="dist.jar.dir"/>
        <mkdir dir="${dist.jar.dir}"/>
        <manifest file="${build.ear.classes.dir}/META-INF/MANIFEST.MF" mode="update">
            <attribute name="Main-Class" value="${main.class}"/>
        </manifest>
        <jar compress="${jar.compress}" jarfile="${dist.ear.jar}" manifest="${build.ear.classes.dir}/META-INF/MANIFEST.MF">
            <fileset dir="${build.ear.classes.dir}"/>
        </jar>
    </target>
    <target depends="init,compile,-pre-dist" name="-do-ear-dist-without-manifest" unless="has.custom.manifest">
        <dirname file="${dist.ear.jar}" property="dist.jar.dir"/>
        <mkdir dir="${dist.jar.dir}"/>
        <jar compress="${jar.compress}" jarfile="${dist.ear.jar}">
            <fileset dir="${build.ear.classes.dir}"/>
        </jar>
    </target>
    <target depends="init,compile,-pre-dist,library-inclusion-in-archive,-do-dist-without-manifest,-do-dist-with-manifest" name="-do-dist"/>
    <target depends="init,compile,-pre-dist,library-inclusion-in-manifest,-do-ear-dist-without-manifest,-do-ear-dist-with-manifest" name="-do-ear-dist"/>
    <target name="-post-dist">
        <!-- Empty placeholder for easier customization. -->
        <!-- You can override this target in the ../build.xml file. -->
    </target>
    <target depends="init,compile,-pre-dist,-do-dist,-post-dist" description="Build distribution (JAR)." name="dist"/>
    <target depends="init,compile,-pre-dist,-do-ear-dist,-post-dist" description="Build distribution (JAR) to be packaged into an EAR." name="dist-ear"/>
    <!--
                =================
                EXECUTION SECTION
                =================
            -->
    <target depends="dist,run-deploy,-as-retrieve-option-workaround,-init-run-macros,-run-pregfv3,-run" description="Run a main class." name="run"/>
    <target if="j2ee.appclient.tool.args" name="-run-pregfv3">
        <carproject:run-appclient-pregfv3/>
    </target>
    <target name="-run" unless="j2ee.appclient.tool.args">
        <carproject:run-appclient/>
    </target>
    <target depends="dist,run-deploy,-as-retrieve-option-workaround,-init-run-macros,-run-single-pregfv3,-run-single" description="Run a single class." name="run-single"/>
    <target depends="dist,run-deploy,-as-retrieve-option-workaround,-init-run-macros" name="-run-single" unless="j2ee.appclient.tool.args">
        <fail unless="run.class">Must select one file in the IDE or set run.class</fail>
        <carproject:run-appclient serverparams="${j2ee.appclient.tool.jvmoptions.class}${run.class}"/>
    </target>
    <target depends="dist,run-deploy,-as-retrieve-option-workaround,-init-run-macros" if="j2ee.appclient.tool.args" name="-run-single-pregfv3">
        <fail unless="run.class">Must select one file in the IDE or set run.class</fail>
        <carproject:run-appclient-pregfv3/>
    </target>
    <target depends="init" name="-init-run-macros">
        <macrodef name="run-appclient" uri="http://www.netbeans.org/ns/car-project/1">
            <attribute default="${application.args.param}" name="args"/>
            <attribute default="${j2ee.appclient.tool.jvmoptions}${client.jar}" name="serverparams"/>
            <element name="customize" optional="true"/>
            <sequential>
                <java dir="${basedir}" fork="true" jar="${client.jar}">
                    <jvmarg line="${endorsed.classpath.cmd.line.arg}"/>
                    <jvmarg line="@{serverparams}"/>
                    <jvmarg line="${run.jvmargs.param}"/>
                    <arg line="@{args}"/>
                    <syspropertyset>
                        <propertyref prefix="run-sys-prop."/>
                        <mapper from="run-sys-prop.*" to="*" type="glob"/>
                    </syspropertyset>
                    <env key="APPCPATH" path="${javac.classpath}"/>
                    <sysproperty key="java.system.class.loader" value="org.glassfish.appclient.client.acc.agent.ACCAgentClassLoader"/>
                    <customize/>
                </java>
            </sequential>
        </macrodef>
        <macrodef name="run-appclient-pregfv3" uri="http://www.netbeans.org/ns/car-project/1">
            <element name="customize" optional="true"/>
            <sequential>
                <java classname="${j2ee.appclient.tool.mainclass}" fork="true">
                    <jvmarg line="${endorsed.classpath.cmd.line.arg}"/>
                    <jvmarg line="${j2ee.appclient.tool.jvmoptions}"/>
                    <jvmarg line="${run.jvmargs.param}"/>
                    <arg line="${j2ee.appclient.tool.args}"/>
                    <arg line="-client ${client.jar}"/>
                    <arg line="${application.args.param}"/>
                    <classpath>
                        <path path="${j2ee.platform.classpath}:${j2ee.appclient.tool.runtime}"/>
                    </classpath>
                    <syspropertyset>
                        <propertyref prefix="run-sys-prop."/>
                        <mapper from="run-sys-prop.*" to="*" type="glob"/>
                    </syspropertyset>
                    <customize/>
                </java>
            </sequential>
        </macrodef>
    </target>
    <target if="j2ee.appclient.mainclass.args" name="-as-retrieve-option-workaround" unless="j2ee.clientName">
        <property name="client.jar" value="${dist.dir}/LabSessionPDS2014ClientClient.jar"/>
        <sleep seconds="3"/>
        <copy failonerror="false" file="${wa.copy.client.jar.from}/LabSessionPDS2014Client/LabSessionPDS2014ClientClient.jar" todir="${dist.dir}"/>
        <copy failonerror="false" flatten="true" todir="${dist.dir}/">
            <fileset dir="${wa.copy.client.jar.from}/LabSessionPDS2014Client" includes="**/LabSessionPDS2014ClientClient.jar"/>
        </copy>
        <copy flatten="true" todir="${dist.dir}/LabSessionPDS2014ClientClient">
            <fileset dir="${wa.copy.client.jar.from}/LabSessionPDS2014Client" includes="**/*.*ar"/>
        </copy>
        <copy failonerror="false" flatten="false" todir="${dist.dir}/LabSessionPDS2014ClientClient">
            <fileset dir="${dist.dir}/gfdeploy/LabSessionPDS2014Client" includes="**/*.jar"/>
        </copy>
    </target>
    <target name="pre-run-deploy">
        <!-- Empty placeholder for easier customization. -->
        <!-- You can override this target in the ../build.xml file. -->
    </target>
    <target name="post-run-deploy">
        <!-- Empty placeholder for easier customization. -->
        <!-- You can override this target in the ../build.xml file. -->
    </target>
    <target name="-pre-nbmodule-run-deploy">
        <!-- Empty placeholder for easier customization. -->
        <!-- This target can be overriden by NetBeans modules. Don't override it directly, use -pre-run-deploy task instead. -->
    </target>
    <target name="-post-nbmodule-run-deploy">
        <!-- Empty placeholder for easier customization. -->
        <!-- This target can be overriden by NetBeans modules. Don't override it directly, use -post-run-deploy task instead. -->
    </target>
    <target name="-run-deploy-am">
        <!-- Task to deploy to the Access Manager runtime. -->
    </target>
    <target depends="init,compile,dist,pre-run-deploy,-pre-nbmodule-run-deploy,-run-deploy-nb,-init-deploy-ant,-deploy-ant,-run-deploy-am,-post-nbmodule-run-deploy,post-run-deploy,-do-update-breakpoints" name="run-deploy"/>
    <target if="netbeans.home" name="-run-deploy-nb">
        <nbdeploy clientUrlPart="${client.urlPart}" debugmode="false" forceRedeploy="${forceRedeploy}"/>
    </target>
    <target name="-init-deploy-ant" unless="netbeans.home">
        <property name="deploy.ant.archive" value="${dist.jar}"/>
        <property name="deploy.ant.resource.dir" value="${resource.dir}"/>
        <property name="deploy.ant.enabled" value="true"/>
    </target>
    <target depends="init,-run-undeploy-nb,-init-deploy-ant,-undeploy-ant" name="run-undeploy"/>
    <target if="netbeans.home" name="-run-undeploy-nb">
        <fail message="Undeploy is not supported from within the IDE"/>
    </target>
    <target depends="run-deploy,-init-display-browser,-display-browser-nb,-display-browser-cl" name="run-display-browser"/>
    <target if="do.display.browser" name="-init-display-browser">
        <condition property="do.display.browser.nb">
            <isset property="netbeans.home"/>
        </condition>
        <condition property="do.display.browser.cl">
            <and>
                <isset property="deploy.ant.enabled"/>
                <isset property="deploy.ant.client.url"/>
            </and>
        </condition>
    </target>
    <target if="do.display.browser.nb" name="-display-browser-nb">
        <nbbrowse url="${client.url}"/>
    </target>
    <target if="do.display.browser.cl" name="-get-browser" unless="browser">
        <condition property="browser" value="rundll32">
            <os family="windows"/>
        </condition>
        <condition else="" property="browser.args" value="url.dll,FileProtocolHandler">
            <os family="windows"/>
        </condition>
        <condition property="browser" value="/usr/bin/open">
            <os family="mac"/>
        </condition>
        <property environment="env"/>
        <condition property="browser" value="${env.BROWSER}">
            <isset property="env.BROWSER"/>
        </condition>
        <condition property="browser" value="/usr/bin/firefox">
            <available file="/usr/bin/firefox"/>
        </condition>
        <condition property="browser" value="/usr/local/firefox/firefox">
            <available file="/usr/local/firefox/firefox"/>
        </condition>
        <condition property="browser" value="/usr/bin/mozilla">
            <available file="/usr/bin/mozilla"/>
        </condition>
        <condition property="browser" value="/usr/local/mozilla/mozilla">
            <available file="/usr/local/mozilla/mozilla"/>
        </condition>
        <condition property="browser" value="/usr/sfw/lib/firefox/firefox">
            <available file="/usr/sfw/lib/firefox/firefox"/>
        </condition>
        <condition property="browser" value="/opt/csw/bin/firefox">
            <available file="/opt/csw/bin/firefox"/>
        </condition>
        <condition property="browser" value="/usr/sfw/lib/mozilla/mozilla">
            <available file="/usr/sfw/lib/mozilla/mozilla"/>
        </condition>
        <condition property="browser" value="/opt/csw/bin/mozilla">
            <available file="/opt/csw/bin/mozilla"/>
        </condition>
    </target>
    <target depends="-get-browser" if="do.display.browser.cl" name="-display-browser-cl">
        <fail unless="browser">
                    Browser not found, cannot launch the deployed application. Try to set the BROWSER environment variable.
                </fail>
        <property name="browse.url" value="${deploy.ant.client.url}${client.urlPart}"/>
        <echo>Launching ${browse.url}</echo>
        <exec executable="${browser}" spawn="true">
            <arg line="${browser.args} ${browse.url}"/>
        </exec>
    </target>
    <target depends="dist" name="verify">
        <nbverify file="${dist.jar}"/>
    </target>
    <target depends="init,compile-single" name="run-main">
        <fail unless="run.class">Must select one file in the IDE or set run.class</fail>
        <carproject:java classname="${run.class}"/>
    </target>
    <target depends="init" if="netbeans.home" name="-do-update-breakpoints">
        <carproject:nbjpdaappreloaded/>
    </target>
    <!--
                =================
                DEBUGGING SECTION
                =================
            -->
    <target depends="init,-init-debug-args,-as-retrieve-option-workaround,-init-run-macros" name="-init-debug-macros">
        <macrodef name="debug-appclient" uri="http://www.netbeans.org/ns/car-project/1">
            <attribute default="${j2ee.appclient.tool.jvmoptions}${client.jar}" name="serverparams"/>
            <sequential>
                <carproject:run-appclient serverparams="@{serverparams}">
                    <customize>
                        <jvmarg value="-Xrunjdwp:transport=${debug-transport-appclient},address=${jpda.address.appclient}"/>
                        <jvmarg line="${debug-args-line}"/>
                    </customize>
                </carproject:run-appclient>
            </sequential>
        </macrodef>
        <macrodef name="debug-appclient-pregfv3" uri="http://www.netbeans.org/ns/car-project/1">
            <sequential>
                <carproject:run-appclient-pregfv3>
                    <customize>
                        <jvmarg value="-Xrunjdwp:transport=${debug-transport-appclient},address=${jpda.address.appclient}"/>
                        <jvmarg line="${debug-args-line}"/>
                    </customize>
                </carproject:run-appclient-pregfv3>
            </sequential>
        </macrodef>
    </target>
    <target depends="init,compile,run-deploy,-init-debug-args,-as-retrieve-option-workaround,-init-debug-macros,-debug-appclient-start-nbjpda,-debug-appclient-pregfv3,-debug-appclient" description="Debug project in IDE." if="netbeans.home" name="debug"/>
    <target name="-debug-appclient-start-nbjpda">
        <carproject:nbjpdastart classpath="" name="${app.client}"/>
    </target>
    <target if="j2ee.appclient.tool.args" name="-debug-appclient-pregfv3">
        <carproject:debug-appclient-pregfv3/>
    </target>
    <target name="-debug-appclient" unless="j2ee.appclient.tool.args">
        <carproject:debug-appclient/>
    </target>
    <target depends="init" if="netbeans.home" name="-debug-start-debugger">
        <carproject:nbjpdastart name="${debug.class}"/>
    </target>
    <target depends="init,compile" name="-debug-start-debuggee">
        <carproject:debug>
            <customize>
                <arg line="${application.args.param}"/>
            </customize>
        </carproject:debug>
    </target>
    <target depends="debug-single" if="netbeans.home" name="debug-stepinto"/>
    <target name="-debug-start-nbjpda-single">
        <carproject:nbjpdastart classpath="" name="${app.client}" stopclassname="${debug.class}"/>
    </target>
    <target name="-debug-single" unless="j2ee.appclient.tool.args">
        <carproject:debug-appclient serverparams="${j2ee.appclient.tool.jvmoptions.class}${debug.class}"/>
    </target>
    <target if="j2ee.appclient.tool.args" name="-debug-single-pregfv3">
        <carproject:debug-appclient serverparams="${j2ee.appclient.tool.jvmoptions.class}${debug.class}"/>
    </target>
    <target depends="init,compile,run-deploy,-init-debug-args,-as-retrieve-option-workaround,-init-debug-macros,-debug-start-nbjpda-single,-debug-single,-debug-single-pregfv3" if="netbeans.home" name="debug-single"/>
    <target depends="init" name="-pre-debug-fix">
        <fail unless="fix.includes">Must set fix.includes</fail>
        <property name="javac.includes" value="${fix.includes}.java"/>
    </target>
    <target depends="init,-pre-debug-fix,compile-single" if="netbeans.home" name="-do-debug-fix">
        <carproject:nbjpdareload/>
    </target>
    <target depends="init,-pre-debug-fix,-do-debug-fix" if="netbeans.home" name="debug-fix"/>
    <!--
                ===============
                JAVADOC SECTION
                ===============
            -->
    <target depends="init" if="have.sources" name="-javadoc-build">
        <mkdir dir="${dist.javadoc.dir}"/>
        <javadoc additionalparam="${javadoc.additionalparam}" author="${javadoc.author}" charset="UTF-8" destdir="${dist.javadoc.dir}" docencoding="UTF-8" encoding="${javadoc.encoding.used}" failonerror="true" noindex="${javadoc.noindex}" nonavbar="${javadoc.nonavbar}" notree="${javadoc.notree}" private="${javadoc.private}" source="${javac.source}" splitindex="${javadoc.splitindex}" use="${javadoc.use}" useexternalfile="true" version="${javadoc.version}" windowtitle="${javadoc.windowtitle}">
            <classpath>
                <path path="${javac.classpath}:${j2ee.platform.classpath}:${j2ee.appclient.tool.runtime}"/>
            </classpath>
            <fileset dir="${src.dir}" excludes="${excludes}" includes="${includes}">
                <filename name="**/*.java"/>
            </fileset>
            <fileset dir="${build.generated.sources.dir}" erroronmissingdir="false">
                <include name="**/*.java"/>
            </fileset>
        </javadoc>
        <copy todir="${dist.javadoc.dir}">
            <fileset dir="${src.dir}" excludes="${excludes}" includes="${includes}">
                <filename name="**/doc-files/**"/>
            </fileset>
            <fileset dir="${build.generated.sources.dir}" erroronmissingdir="false">
                <include name="**/doc-files/**"/>
            </fileset>
        </copy>
    </target>
    <target depends="init,-javadoc-build" if="netbeans.home" name="-javadoc-browse" unless="no.javadoc.preview">
        <nbbrowse file="${dist.javadoc.dir}/index.html"/>
    </target>
    <target depends="init,-javadoc-build,-javadoc-browse" description="Build Javadoc." name="javadoc"/>
    <!--
                =========================
                TEST COMPILATION SECTION
                =========================
            -->
    <target depends="init,compile" if="have.tests" name="-pre-pre-compile-test">
        <mkdir dir="${build.test.classes.dir}"/>
    </target>
    <target name="-pre-compile-test">
        <!-- Empty placeholder for easier customization. -->
        <!-- You can override this target in the ../build.xml file. -->
    </target>
    <target depends="init,compile,-pre-pre-compile-test,-pre-compile-test" if="have.tests" name="-do-compile-test">
        <carproject:javac classpath="${javac.test.classpath}" debug="true" destdir="${build.test.classes.dir}" srcdir="${test.src.dir}"/>
        <copy todir="${build.test.classes.dir}">
            <fileset dir="${test.src.dir}" excludes="${build.classes.excludes},${excludes}" includes="${includes}"/>
        </copy>
    </target>
    <target name="-post-compile-test">
        <!-- Empty placeholder for easier customization. -->
        <!-- You can override this target in the ../build.xml file. -->
    </target>
    <target depends="init,compile,-pre-pre-compile-test,-pre-compile-test,-do-compile-test,-post-compile-test" name="compile-test"/>
    <target name="-pre-compile-test-single">
        <!-- Empty placeholder for easier customization. -->
        <!-- You can override this target in the ../build.xml file. -->
    </target>
    <target depends="init,compile,-pre-pre-compile-test,-pre-compile-test-single" if="have.tests" name="-do-compile-test-single">
        <fail unless="javac.includes">Must select some files in the IDE or set javac.includes</fail>
        <carproject:javac classpath="${javac.test.classpath}" debug="true" destdir="${build.test.classes.dir}" excludes="" includes="${javac.includes}" srcdir="${test.src.dir}"/>
        <copy todir="${build.test.classes.dir}">
            <fileset dir="${test.src.dir}" excludes="${build.classes.excludes},${excludes}" includes="${includes}"/>
        </copy>
    </target>
    <target name="-post-compile-test-single">
        <!-- Empty placeholder for easier customization. -->
        <!-- You can override this target in the ../build.xml file. -->
    </target>
    <target depends="init,compile,-pre-pre-compile-test,-pre-compile-test-single,-do-compile-test-single,-post-compile-test-single" name="compile-test-single"/>
    <!--
                =======================
                TEST EXECUTION SECTION
                =======================
            -->
    <target depends="init" if="have.tests" name="-pre-test-run">
        <mkdir dir="${build.test.results.dir}"/>
    </target>
    <target depends="init,compile-test,-pre-test-run" if="have.tests" name="-do-test-run">
        <carproject:test testincludes="**/*Test.java"/>
    </target>
    <target depends="init,compile-test,-pre-test-run,-do-test-run" if="have.tests" name="-post-test-run">
        <fail if="tests.failed" unless="ignore.failing.tests">Some tests failed; see details above.</fail>
    </target>
    <target depends="init" if="have.tests" name="test-report"/>
    <target depends="init" if="netbeans.home+have.tests" name="-test-browse"/>
    <target depends="init,compile-test,-pre-test-run,-do-test-run,test-report,-post-test-run,-test-browse" description="Run unit tests." name="test"/>
    <target depends="init" if="have.tests" name="-pre-test-run-single">
        <mkdir dir="${build.test.results.dir}"/>
    </target>
    <target depends="init,compile-test-single,-pre-test-run-single" if="have.tests" name="-do-test-run-single">
        <fail unless="test.includes">Must select some files in the IDE or set test.includes</fail>
        <carproject:test excludes="" includes="${test.includes}" testincludes="${test.includes}"/>
    </target>
    <target depends="init,compile-test-single,-pre-test-run-single,-do-test-run-single" if="have.tests" name="-post-test-run-single">
        <fail if="tests.failed" unless="ignore.failing.tests">Some tests failed; see details above.</fail>
    </target>
    <target depends="init,compile-test-single,-pre-test-run-single,-do-test-run-single,-post-test-run-single" description="Run single unit test." name="test-single"/>
    <target depends="init,compile-test-single,-pre-test-run-single" if="have.tests" name="-do-test-run-single-method">
        <fail unless="test.class">Must select some files in the IDE or set test.class</fail>
        <fail unless="test.method">Must select some method in the IDE or set test.method</fail>
        <carproject:test excludes="" includes="${javac.includes}" testincludes="${test.class}" testmethods="${test.method}"/>
    </target>
    <target depends="init,compile-test-single,-pre-test-run-single,-do-test-run-single-method" if="have.tests" name="-post-test-run-single-method">
        <fail if="tests.failed" unless="ignore.failing.tests">Some tests failed; see details above.</fail>
    </target>
    <target depends="init,compile-test-single,-pre-test-run-single,-do-test-run-single-method,-post-test-run-single-method" description="Run single unit test." name="test-single-method"/>
    <!--
                =======================
                TEST DEBUGGING SECTION
                =======================
            -->
    <target depends="init,compile-test-single,-pre-test-run-single" if="have.tests" name="-debug-start-debuggee-test">
        <fail unless="test.class">Must select one file in the IDE or set test.class</fail>
        <carproject:test-debug excludes="" includes="${javac.includes}" testClass="${test.class}" testincludes="${javac.includes}"/>
    </target>
    <target depends="init,compile-test-single,-pre-test-run-single" if="have.tests" name="-debug-start-debuggee-test-method">
        <fail unless="test.class">Must select one file in the IDE or set test.class</fail>
        <fail unless="test.method">Must select some method in the IDE or set test.method</fail>
        <carproject:test-debug excludes="" includes="${javac.includes}" testClass="${test.class}" testMethod="${test.method}" testincludes="${test.class}" testmethods="${test.method}"/>
    </target>
    <target depends="init,compile-test" if="netbeans.home+have.tests" name="-debug-start-debugger-test">
        <carproject:nbjpdastart classpath="${debug.test.classpath}" name="${test.class}"/>
    </target>
    <target depends="init,compile-test,-debug-start-debugger-test,-debug-start-debuggee-test" name="debug-test"/>
    <target depends="init,compile-test-single,-debug-start-debugger-test,-debug-start-debuggee-test-method" name="debug-test-method"/>
    <target depends="init,-pre-debug-fix,compile-test-single" if="netbeans.home" name="-do-debug-fix-test">
        <carproject:nbjpdareload dir="${build.test.classes.dir}"/>
    </target>
    <target depends="init,-pre-debug-fix,-do-debug-fix-test" if="netbeans.home" name="debug-fix-test"/>
    <!--
                =========================
                APPLET EXECUTION SECTION
                =========================
            -->
    <target depends="init,compile-single" name="run-applet">
        <fail unless="applet.url">Must select one file in the IDE or set applet.url</fail>
        <carproject:java classname="sun.applet.AppletViewer">
            <customize>
                <arg value="${applet.url}"/>
            </customize>
        </carproject:java>
    </target>
    <!--
                =========================
                APPLET DEBUGGING  SECTION
                =========================
            -->
    <target depends="init,compile-single" if="netbeans.home" name="-debug-start-debuggee-applet">
        <fail unless="applet.url">Must select one file in the IDE or set applet.url</fail>
        <carproject:debug classname="sun.applet.AppletViewer">
            <customize>
                <arg value="${applet.url}"/>
            </customize>
        </carproject:debug>
    </target>
    <target depends="init,compile-single,-debug-start-debugger,-debug-start-debuggee-applet" if="netbeans.home" name="debug-applet"/>
    <!--
                ===============
                CLEANUP SECTION
                ===============
            -->
    <target depends="init" name="deps-clean" unless="no.deps">
        <ant antfile="${project.LabLibrary}/build.xml" inheritall="false" target="clean"/>
    </target>
    <target depends="init" name="-do-clean">
        <delete dir="${build.dir}"/>
        <delete dir="${dist.dir}"/>
    </target>
    <target name="-post-clean">
        <!-- Empty placeholder for easier customization. -->
        <!-- You can override this target in the ../build.xml file. -->
    </target>
    <target depends="init,deps-clean,-do-clean,-post-clean" description="Clean build products." name="clean"/>
    <target depends="clean" description="Clean build products." name="clean-ear"/>
</project>
